dien_tich,so_phong_ngu,so_phong_tam,tuoi_nha,khoang_cach_tt,diem_an_ninh,so_tang,nhieu_1,nhieu_2,nhieu_3,nhieu_4,nhieu_5,gia_nha_trieu_vnd
104.9,3,3,4,3.37,8.41,2,0.892,-0.657,-1.006,-0.711,0.807,2256.1
85.9,1,2,11,4.0,6.64,2,0.096,-0.937,-1.051,-0.669,-1.246,1607.0
109.4,5,2,15,19.16,8.97,3,-0.885,-1.67,-1.934,0.074,1.108,1802.9
135.7,4,3,25,15.65,6.86,3,0.287,1.765,-1.207,-0.229,-0.708,2508.1
83.0,2,2,25,2.98,6.93,1,0.165,-1.242,-1.071,0.951,-1.556,2102.6
83.0,3,3,20,2.56,9.14,3,0.569,-0.816,0.683,-0.343,-0.272,1989.6
137.4,1,2,38,17.67,5.82,3,-0.875,1.316,-0.166,0.506,-2.095,1971.9
113.0,1,3,35,2.28,3.94,3,-0.4,-1.753,-0.826,-0.029,0.254,1698.8
75.9,4,3,32,20.64,3.2,3,0.509,0.756,2.31,0.27,-0.259,1482.4
106.3,3,2,29,17.8,8.29,1,1.247,-1.413,-0.664,-0.23,1.234,1730.8
76.1,5,2,36,2.49,7.34,3,0.966,1.247,1.167,0.708,0.649,1626.0
76.0,3,2,22,2.58,7.93,2,0.082,-2.17,1.621,0.723,-1.392,1709.2
97.3,4,1,9,24.67,4.49,2,-0.487,-1.753,-1.57,0.46,-0.838,1516.5
32.6,4,1,4,9.67,3.95,3,0.404,-0.545,0.074,0.608,0.521,836.7
38.3,3,1,35,9.58,3.1,3,-1.091,0.972,-0.518,-0.944,0.847,920.8
73.1,4,3,33,20.41,5.45,2,-0.817,-0.031,-0.599,0.323,1.223,1275.7
59.6,3,2,30,23.71,7.13,2,1.51,-0.336,0.555,1.249,1.215,767.0
99.4,2,3,9,24.66,5.75,1,0.402,1.346,-0.623,0.491,-0.09,1538.7
62.8,3,1,18,18.96,6.06,2,-0.348,2.155,-0.496,-1.031,0.363,1083.9
47.6,3,2,31,9.72,9.33,2,0.829,0.672,-0.168,-0.05,1.299,767.8
134.0,4,3,0,2.55,5.44,3,1.287,-0.623,-0.373,0.375,-0.303,3017.2
83.2,4,2,4,19.54,6.6,2,-0.445,-0.418,-1.174,-0.757,0.38,1416.0
92.0,1,3,3,14.18,8.49,1,-0.427,-1.288,0.796,-1.358,-0.327,1590.5
47.3,1,2,15,10.89,5.78,2,-0.553,0.101,1.049,-0.316,-0.551,1014.1
73.7,2,1,23,22.71,7.35,3,0.964,-1.63,0.344,-0.741,0.048,1180.5
93.3,1,1,15,3.22,9.04,3,0.974,0.552,-0.377,-0.014,-0.688,1642.7
55.5,3,2,1,12.57,9.65,2,1.386,2.006,-0.705,-1.591,-0.131,1506.2
101.3,4,3,27,0.78,4.03,3,1.009,0.718,-0.704,0.565,-1.035,1936.1
72.0,1,1,31,11.98,9.49,1,-1.632,-0.469,2.357,-0.635,-0.19,1643.6
81.2,1,1,26,1.88,6.44,1,0.281,0.527,0.938,0.996,0.448,1268.7
71.9,2,1,19,3.41,4.81,2,-1.058,1.621,-0.84,-0.277,-0.589,1408.4
145.6,2,2,23,3.38,6.21,2,-0.513,1.57,0.165,-0.025,0.009,2382.3
89.6,3,2,11,16.41,9.86,2,0.171,-1.004,-0.363,-0.173,0.139,2253.0
58.3,4,3,34,18.78,6.45,3,0.836,0.51,0.584,-0.688,0.453,731.8
114.7,2,3,32,14.79,5.3,1,-0.891,-0.158,0.543,2.472,-0.134,1913.9
53.4,1,3,32,24.07,7.43,1,-2.325,0.807,1.084,-0.496,1.086,442.3
96.3,4,2,36,9.68,4.68,3,0.181,0.384,-0.851,1.024,-2.101,1613.1
31.2,4,2,11,7.5,3.53,1,2.644,-2.37,0.105,-1.094,2.938,935.8
50.2,1,3,2,21.78,3.9,2,-0.203,-0.348,-1.749,0.372,-0.871,949.8
95.9,2,3,0,5.98,3.9,2,0.047,0.199,-1.257,0.479,0.403,2229.5
112.2,1,2,32,24.1,4.06,2,1.782,-1.434,0.884,-0.024,-0.938,940.9
95.1,4,3,39,0.8,3.97,1,0.59,0.581,-0.951,-0.571,0.644,1966.9
86.5,5,1,9,24.26,7.49,2,0.217,-1.524,-0.841,-0.263,0.277,1823.1
81.0,5,2,28,1.56,4.27,3,0.442,-0.798,-0.008,-0.403,-0.651,1352.5
45.6,3,3,12,22.33,5.42,3,0.25,1.341,0.695,2.402,1.073,824.1
68.4,1,2,11,13.43,9.28,1,-1.14,-0.884,-1.061,-0.023,-0.164,1247.7
76.2,1,1,30,24.83,6.32,3,-1.341,0.574,-3.481,0.525,0.547,922.4
121.7,3,2,1,2.31,7.67,3,1.887,-1.754,-0.87,1.782,-0.917,2313.5
100.3,3,2,34,14.07,4.21,1,0.184,2.081,1.206,-0.876,-0.031,1183.3
37.1,3,2,22,24.25,4.35,2,0.1,-0.305,0.343,0.038,2.003,200.0
99.7,4,2,16,13.32,3.29,2,-0.09,0.095,1.324,-0.269,0.963,1934.9
78.4,1,1,25,15.92,4.18,2,0.781,0.179,-1.132,-0.086,0.308,1273.4
69.7,4,2,7,17.55,4.95,1,2.539,0.608,-1.639,-0.179,-0.449,1312.7
108.4,3,2,28,11.64,4.24,3,0.524,-1.519,0.463,-0.732,0.067,1643.3
120.9,1,3,25,15.88,3.62,2,-0.588,-0.005,0.24,0.195,0.198,1333.0
117.9,4,2,9,14.82,3.84,2,-0.133,-0.659,0.306,-1.063,0.449,2131.0
64.8,4,3,25,22.58,6.23,1,1.071,-1.69,0.933,0.989,-1.077,786.9
80.7,3,1,33,1.61,4.44,2,-0.583,0.987,0.422,0.623,0.668,1343.4
99.9,1,1,6,7.38,5.55,1,0.852,-0.352,0.406,-0.493,-1.09,1537.6
119.3,3,1,3,23.79,6.52,3,-2.321,0.243,0.715,-0.445,1.631,1759.8
75.6,1,1,10,22.31,7.83,1,-0.23,0.18,0.502,0.276,-0.772,829.8
84.4,5,3,28,11.66,3.28,1,0.628,-0.335,0.857,-0.799,0.297,1578.1
56.8,2,2,35,15.69,8.6,1,1.27,1.975,1.009,1.812,1.005,787.6
54.1,2,1,24,7.3,7.4,1,-0.818,-0.047,1.532,0.358,-0.252,1230.5
114.4,2,2,20,5.11,3.57,3,-1.503,-1.558,-0.649,0.393,0.341,2219.0
130.7,3,3,35,11.86,9.12,3,-0.261,-0.4,0.481,0.681,1.435,2390.1
87.8,5,3,9,9.16,9.45,2,-1.125,0.5,-0.37,-0.579,0.564,2178.7
120.1,1,3,36,14.8,3.43,3,-0.149,0.533,-0.834,1.089,0.356,2228.7
100.8,4,1,8,2.4,4.94,3,-0.007,-1.088,-0.69,0.115,-1.685,1751.9
70.6,1,2,23,24.37,8.64,2,-1.319,0.929,0.495,0.95,-0.934,623.3
100.8,4,2,34,24.66,8.24,3,0.804,-1.763,0.418,-0.198,1.047,1740.9
136.1,1,2,34,17.6,4.29,1,-0.157,1.144,0.4,1.317,0.57,2329.5
88.9,5,3,35,13.63,4.47,1,1.08,-1.319,-0.226,0.401,0.721,1541.4
136.9,4,1,17,8.08,5.59,2,-1.845,-0.226,0.003,2.183,0.635,2860.7
25.0,3,3,38,20.44,6.39,2,-1.017,1.065,0.818,-0.37,1.29,401.8
114.7,1,3,31,17.28,7.33,2,0.517,0.12,-1.489,0.205,-0.261,1577.9
92.6,1,2,23,4.48,5.58,1,-0.799,0.817,0.025,-1.032,0.12,1373.5
81.0,4,3,22,22.82,6.24,3,-0.165,0.619,0.09,-0.529,-1.029,1497.1
92.8,3,2,31,20.65,8.23,1,0.001,1.286,0.753,0.619,-1.278,1228.7
30.4,3,1,36,23.77,3.26,2,0.158,1.062,-1.35,1.129,-1.644,200.0
83.4,5,2,11,18.28,4.77,3,-0.678,-0.454,1.495,2.965,-0.885,1895.6
100.7,3,1,12,15.53,7.99,3,0.149,0.633,0.214,-0.097,1.553,1675.8
134.3,3,2,22,10.75,9.27,1,-0.783,-1.527,0.267,-0.933,-1.553,2767.8
74.5,3,3,24,23.35,6.58,2,0.674,-0.058,-0.401,0.753,-0.304,837.1
65.7,2,3,34,21.72,6.72,1,-0.115,0.818,0.538,-1.128,-1.293,780.8
74.9,5,1,29,1.61,3.75,3,0.155,0.134,0.048,0.564,-0.601,1241.3
117.5,1,1,16,1.15,6.13,1,2.57,0.447,1.209,-0.502,0.17,2102.8
99.9,4,1,19,9.72,6.73,1,-1.107,-0.213,-1.441,0.212,-0.7,2047.6
74.1,1,2,24,20.36,4.7,2,1.389,1.129,0.176,1.091,1.09,926.7
105.4,5,2,21,24.69,4.88,2,-2.659,-0.08,0.409,-0.111,1.534,1926.7
92.9,4,1,12,4.19,5.64,3,-2.078,-0.465,-0.186,0.933,-2.249,1703.6
119.1,5,3,18,15.06,3.14,1,-1.241,0.887,-0.405,0.873,-0.683,2110.1
68.9,3,2,35,9.83,5.25,1,-1.178,-1.405,-0.363,-1.864,0.059,1079.7
80.2,4,2,11,24.26,4.48,1,0.204,0.501,0.175,-0.902,1.126,1278.6
78.2,3,2,18,21.13,5.29,3,0.29,-1.042,-1.81,-1.562,-0.454,1303.6
46.1,1,1,11,21.04,3.84,3,-0.255,1.278,0.965,2.002,-0.02,588.4
98.9,1,1,8,11.98,9.23,2,-0.15,-0.261,-0.48,-0.105,-1.157,1451.0
97.8,4,1,6,10.66,7.16,2,0.528,0.135,0.128,1.781,-1.533,1669.7
90.2,4,1,27,7.2,7.75,2,0.833,0.413,0.367,-1.633,1.445,1606.4
83.0,5,1,13,1.88,8.52,1,-1.327,-1.93,-0.526,-0.573,-1.824,1919.0
47.5,5,3,30,21.69,6.49,1,-0.362,-0.651,-0.131,0.8,2.329,907.7
77.4,3,3,18,20.42,3.61,2,-0.07,1.044,-2.035,0.179,0.725,1335.6
79.7,4,1,15,24.99,6.76,1,0.485,0.868,0.732,0.533,0.68,971.3
65.9,1,2,4,24.92,7.11,2,-0.773,0.283,1.08,-1.254,0.575,473.5
85.2,5,1,34,14.11,8.22,3,-0.089,-1.349,-1.701,1.377,-0.253,2147.4
102.1,5,3,11,19.34,6.02,2,0.03,0.586,-0.406,0.777,0.392,1582.1
146.6,1,3,24,23.65,3.89,3,-0.704,0.713,-1.23,0.402,-0.189,2171.0
95.2,5,2,20,21.32,4.99,1,-0.728,0.047,-0.178,-0.686,0.553,1556.7
97.7,3,3,35,6.56,5.54,2,0.099,1.223,0.649,0.324,-0.034,1878.5
87.8,4,1,22,11.54,7.52,1,-0.13,-0.683,0.987,-0.291,-0.95,1641.5
32.4,1,2,15,3.66,7.0,3,0.5,-0.51,1.122,-1.65,-0.871,744.9
89.2,4,1,38,23.87,5.49,3,-1.053,-2.485,1.311,-0.05,-0.984,1321.4
91.8,5,1,38,15.35,9.91,3,-0.351,0.92,-0.222,-0.157,0.971,1625.4
163.9,5,2,13,6.1,7.24,1,-0.229,0.314,-1.147,1.062,-0.617,3411.4
84.2,1,1,30,16.96,4.66,1,0.814,-1.682,-0.115,-2.234,-1.912,1187.7
99.0,3,3,4,15.64,3.71,1,-0.94,-1.759,0.633,0.235,0.397,1821.4
89.0,2,1,34,9.27,4.07,1,0.235,-0.873,-1.227,-1.156,1.515,1216.6
54.9,1,2,22,3.28,4.72,3,0.253,0.794,1.66,0.319,0.773,1004.8
124.3,2,2,28,16.95,4.12,3,1.646,-0.3,0.898,0.374,-0.603,1504.1
112.6,2,2,10,13.25,4.31,2,-1.007,-0.805,-0.207,-0.087,-1.587,1715.4
